,Michael Jackson,Clint Black,Dropdead,Anti-Cimex,Cardi B,F1,F2
Alfred,3.0,4.0,,4.0,4.0,3.820956052158428,3.395762185225982
Mandy,,9.0,,3.0,8.0,3.710347290248843,7.006196610731774
Lenny,2.0,5.0,8.0,9.0,,7.113262668529763,3.952501653821094
Joan,3.0,,9.0,4.0,9.0,5.240167491810226,10.035758971778684
Tino,1.0,1.0,,9.0,5.0,5.863280142556005,2.197481536483684
