,Alfred,Mandy,Lenny,Joan,Tino,F1,F2
Michael Jackson,3.0,,2.0,3.0,1.0,0.1640595288172299,0.24803718448721135
Clint Black,4.0,9.0,5.0,,1.0,-0.2076657324945088,1.4210807527055707
Dropdead,,,8.0,9.0,,0.8823554747593316,0.43607160527189726
Anti-Cimex,4.0,3.0,9.0,4.0,9.0,1.569998252276792,-0.42920409794484604
Cardi B,4.0,8.0,,9.0,5.0,0.5700413901506549,0.6704513775955664
