{"train score":{"logisticregression":0.9115535361,"knn":0.9214387291,"svc":0.9233117131,"decisiontreeclassifier":0.917449967,"sgdclassifier":0.9106864139},"test score":{"logisticregression":0.9120336651,"knn":0.9012705349,"svc":0.9120336651,"decisiontreeclassifier":0.9161608805,"sgdclassifier":0.909767743},"average fit time":{"logisticregression":1.1421785355,"knn":0.9089206855,"svc":22.5318157276,"decisiontreeclassifier":0.2107001146,"sgdclassifier":0.2437736988},"best params":{"logisticregression":{"logisticregression__C":1},"knn":{"knn__n_neighbors":7},"svc":{"svc__C":1,"svc__kernel":"rbf"},"decisiontreeclassifier":{"decisiontreeclassifier__max_depth":5},"sgdclassifier":{"sgdclassifier__max_iter":3000}},"best score":{"logisticregression":0.9109639624,"knn":0.9030213588,"svc":0.9111027729,"decisiontreeclassifier":0.9141897809,"sgdclassifier":0.9058999856}}