{"train score":{"knn":0.90060015,"logisticregression":0.8709677419,"svc":0.9913728432,"decisiontreeclassifier":0.9576144036},"test score":{"knn":0.8740629685,"logisticregression":0.856071964,"svc":0.9205397301,"decisiontreeclassifier":0.9385307346},"average fit time":{"knn":1.0346763929,"logisticregression":0.4414803982,"svc":0.2590146065,"decisiontreeclassifier":0.0447506905}}